{
  "content_types": {
    "results": {
      "Python Code": {
        "original_size": 1121,
        "smll": {
          "size": 107,
          "ratio": 10.476635514018692,
          "time": 1.3803751659579575,
          "verified": false,
          "error": null
        },
        "gzip": {
          "size": 351,
          "ratio": 3.1937321937321936,
          "time": 3.108312375843525e-05
        },
        "bz2": {
          "size": 401,
          "ratio": 2.7955112219451372,
          "time": 0.0002304580993950367
        },
        "lzma": {
          "size": 420,
          "ratio": 2.669047619047619,
          "time": 0.003107750089839101
        },
        "zstd": {
          "size": 351,
          "ratio": 3.1937321937321936,
          "time": 0.000157209113240242
        }
      },
      "JavaScript Code": {
        "original_size": 1009,
        "smll": {
          "size": 158,
          "ratio": 6.386075949367089,
          "time": 1.4308172080200166,
          "verified": false,
          "error": null
        },
        "gzip": {
          "size": 425,
          "ratio": 2.3741176470588234,
          "time": 2.808310091495514e-05
        },
        "bz2": {
          "size": 492,
          "ratio": 2.0508130081300813,
          "time": 0.00021666614338755608
        },
        "lzma": {
          "size": 512,
          "ratio": 1.970703125,
          "time": 0.0006660840008407831
        },
        "zstd": {
          "size": 440,
          "ratio": 2.293181818181818,
          "time": 0.00010449998080730438
        }
      },
      "C Code": {
        "original_size": 884,
        "smll": {
          "size": 79,
          "ratio": 11.189873417721518,
          "time": 1.3694569591898471,
          "verified": false,
          "error": null
        },
        "gzip": {
          "size": 340,
          "ratio": 2.6,
          "time": 2.7791829779744148e-05
        },
        "bz2": {
          "size": 393,
          "ratio": 2.2493638676844783,
          "time": 0.00018258299678564072
        },
        "lzma": {
          "size": 416,
          "ratio": 2.125,
          "time": 0.0005789159331470728
        },
        "zstd": {
          "size": 349,
          "ratio": 2.5329512893982806,
          "time": 0.00010370882228016853
        }
      },
      "Natural Prose": {
        "original_size": 1082,
        "smll": {
          "size": 111,
          "ratio": 9.747747747747749,
          "time": 1.1730916250962764,
          "verified": false,
          "error": null
        },
        "gzip": {
          "size": 597,
          "ratio": 1.812395309882747,
          "time": 3.67090106010437e-05
        },
        "bz2": {
          "size": 627,
          "ratio": 1.7256778309409888,
          "time": 0.0001848330721259117
        },
        "lzma": {
          "size": 728,
          "ratio": 1.4862637362637363,
          "time": 0.0006454579997807741
        },
        "zstd": {
          "size": 604,
          "ratio": 1.7913907284768211,
          "time": 8.208304643630981e-05
        }
      },
      "Wikipedia": {
        "original_size": 1320,
        "smll": {
          "size": 89,
          "ratio": 14.831460674157304,
          "time": 1.1972686250228435,
          "verified": false,
          "error": null
        },
        "gzip": {
          "size": 643,
          "ratio": 2.052877138413686,
          "time": 3.88328917324543e-05
        },
        "bz2": {
          "size": 677,
          "ratio": 1.9497784342688331,
          "time": 0.000248083146288991
        },
        "lzma": {
          "size": 768,
          "ratio": 1.71875,
          "time": 0.0007135418709367514
        },
        "zstd": {
          "size": 652,
          "ratio": 2.0245398773006134,
          "time": 0.0001044590026140213
        }
      },
      "JSON": {
        "original_size": 857,
        "smll": {
          "size": 109,
          "ratio": 7.862385321100917,
          "time": 1.3420372910331935,
          "verified": false,
          "error": null
        },
        "gzip": {
          "size": 315,
          "ratio": 2.7206349206349207,
          "time": 2.7125002816319466e-05
        },
        "bz2": {
          "size": 372,
          "ratio": 2.303763440860215,
          "time": 0.0001735410187393427
        },
        "lzma": {
          "size": 380,
          "ratio": 2.2552631578947366,
          "time": 0.0006222499068826437
        },
        "zstd": {
          "size": 322,
          "ratio": 2.6614906832298137,
          "time": 0.00011066696606576443
        }
      },
      "XML": {
        "original_size": 893,
        "smll": {
          "size": 236,
          "ratio": 3.7838983050847457,
          "time": 1.4444057079963386,
          "verified": false,
          "error": null
        },
        "gzip": {
          "size": 392,
          "ratio": 2.2780612244897958,
          "time": 2.6667024940252304e-05
        },
        "bz2": {
          "size": 449,
          "ratio": 1.9888641425389755,
          "time": 0.0002027079463005066
        },
        "lzma": {
          "size": 460,
          "ratio": 1.941304347826087,
          "time": 0.0005917081143707037
        },
        "zstd": {
          "size": 391,
          "ratio": 2.2838874680306906,
          "time": 9.837490506470203e-05
        }
      },
      "CSV": {
        "original_size": 512,
        "smll": {
          "size": 122,
          "ratio": 4.19672131147541,
          "time": 1.3865784578956664,
          "verified": false,
          "error": null
        },
        "gzip": {
          "size": 295,
          "ratio": 1.735593220338983,
          "time": 2.2042077034711838e-05
        },
        "bz2": {
          "size": 322,
          "ratio": 1.5900621118012421,
          "time": 0.0001236249227076769
        },
        "lzma": {
          "size": 364,
          "ratio": 1.4065934065934067,
          "time": 0.0004897080361843109
        },
        "zstd": {
          "size": 306,
          "ratio": 1.673202614379085,
          "time": 4.9250200390815735e-05
        }
      },
      "LLM-Generated": {
        "original_size": 1197,
        "smll": {
          "size": 80,
          "ratio": 14.9625,
          "time": 1.2042704171035439,
          "verified": false,
          "error": null
        },
        "gzip": {
          "size": 635,
          "ratio": 1.8850393700787402,
          "time": 3.9667123928666115e-05
        },
        "bz2": {
          "size": 672,
          "ratio": 1.78125,
          "time": 0.00023245811462402344
        },
        "lzma": {
          "size": 760,
          "ratio": 1.575,
          "time": 0.0006919580046087503
        },
        "zstd": {
          "size": 645,
          "ratio": 1.8558139534883722,
          "time": 9.19171143323183e-05
        }
      },
      "Random Text": {
        "original_size": 500,
        "smll": {
          "size": 394,
          "ratio": 1.2690355329949239,
          "time": 1.6238110000267625,
          "verified": false,
          "error": null
        },
        "gzip": {
          "size": 410,
          "ratio": 1.2195121951219512,
          "time": 2.070819027721882e-05
        },
        "bz2": {
          "size": 478,
          "ratio": 1.0460251046025104,
          "time": 0.0001256659161299467
        },
        "lzma": {
          "size": 500,
          "ratio": 1.0,
          "time": 0.00043629202991724014
        },
        "zstd": {
          "size": 420,
          "ratio": 1.1904761904761905,
          "time": 3.0750175938010216e-05
        }
      },
      "UUIDs": {
        "original_size": 739,
        "smll": {
          "size": 787,
          "ratio": 0.9390088945362135,
          "time": 2.369719833135605,
          "verified": false,
          "error": null
        },
        "gzip": {
          "size": 433,
          "ratio": 1.7066974595842956,
          "time": 2.091703936457634e-05
        },
        "bz2": {
          "size": 454,